size,itemset,support,
1,0.010845986984815618,[Hangar 24 Craft Brewery=Betty IPA],
1,0.014099783080260303,[Firestone Walker Brewing Company=Firestone 19 (XIX) Anniversary Ale],
1,0.015184381778741865,[Firestone Walker Brewing Company=Stickee Monkee (2014)],
1,0.009761388286334056,[Alaskan Brewing Co.=Summer Ale],
1,0.020607375271149676,[Ninkasi Brewing Company=Vanilla Oatis Stout],
1,0.01735357917570499,[Stone Brewing Co.=Xocoveza For The Holidays & The New Year],
1,0.008676789587852495,[Ballast Point Brewing & Spirits=The Commodore],
1,0.008676789587852495,[Grupo Modelo S.A. de C.V.=Victoria],
1,0.01843817787418655,[Goose Island Beer Co.=312 Urban Wheat Ale],
1,0.014099783080260303,[Redhook Brewery=Long Hammer IPA],
1,0.008676789587852495,[21st Amendment Brewery=Fireside Chat],
1,0.016268980477223426,[Stone Brewing Co.=24 Carrot Golden Ale],
1,0.014099783080260303,[Central Coast Brewing=Raspberry A La Tart],
1,0.013015184381778741,[Karl Strauss Brewing Company=Wreck Alley Imperial Stout],
1,0.009761388286334056,[John Crabbie & Co=Original],
1,0.04772234273318872,[Firestone Walker Brewing Company=Easy Jack],
1,0.01843817787418655,[Figueroa Mountain Brewing Co.=Davy Brown Ale],
1,0.008676789587852495,[Crispin Cider Company=Original Cider],
1,0.027114967462039046,[Firestone Walker Brewing Company=Opal],
1,0.014099783080260303,[Drake's Brewing Company=Black Robusto Porter],
1,0.01843817787418655,[Lagunitas Brewing Company=Pils],
1,0.026030368763557483,[Firestone Walker Brewing Company=Pivo Pils],
1,0.04121475054229935,[Dogfish Head Craft Brewery=90 Minute IPA],
1,0.010845986984815618,[Dogfish Head Craft Brewery=Festina Peche],
1,0.008676789587852495,[Mac & Jack's Brewing Company=African Amber],
1,0.04772234273318872,[Lagunitas Brewing Company=IPA],
1,0.031453362255965296,[Bear Republic Brewing Co.=Racer 5 IPA®],
1,0.033622559652928416,[21st Amendment Brewery=Hell or High Watermelon],
1,0.020607375271149676,[Alaskan Brewing Co.=Amber],
1,0.04880694143167028,[Figueroa Mountain Brewing Co.=Lizard's Mouth],
1,0.06399132321041215,[Firestone Walker Brewing Company=805 Blonde],
1,0.03579175704989154,[Stone Brewing Co.=Stone IPA],
1,0.013015184381778741,[Belching Beaver=Me So Honey],
1,0.02928416485900217,[New Belgium Brewing Company=Fat Tire],
1,0.03470715835140998,[Arrogant Bastard Brewing Co.=Arrogant Bastard Ale],
1,0.01843817787418655,[Lost Coast Brewery=Great White],
1,0.015184381778741865,[Charles Wells Brewery=Banana Bread Beer],
1,0.04880694143167028,[Firestone Walker Brewing Company=DBA (Double Barrel Ale)],
1,0.0368763557483731,[Sierra Nevada Brewing Co.=Pale Ale],
1,0.019522776572668113,[Lagunitas Brewing Company=Brown Shugga'],
1,0.009761388286334056,[Elysian Brewing=Dark O' The Moon Pumpkin Stout],
1,0.015184381778741865,[Anderson Valley Brewing Company=Fall Hornin'],
1,0.01193058568329718,[Stone Brewing Co.=Your Father Smelt of Elderberries],
1,0.01193058568329718,[Deschutes Brewery=Jubelale],
1,0.013015184381778741,[Brouwerij Lindemans=Framboise],
1,0.01735357917570499,[Stone Brewing Co.=Coffee Milk Stout],
1,0.016268980477223426,[Brouwerij St. Bernardus=St. Bernardus Abt 12],
1,0.014099783080260303,[Stone Brewing Co.=20th Anniversary Encore Series: 08.08.08 Vertical Epic Ale (2015)],
1,0.01735357917570499,[Green Flash Brewing Co.=Green Bullet],
1,0.015184381778741865,[The Libertine Pub=Wild IPA],
1,0.010845986984815618,[Firestone Walker Brewing Company=Sucaba (2015)],
1,0.008676789587852495,[Cismontane Brewing Co.=Black's Dawn],
1,0.014099783080260303,[The Bruery=White Oak],
1,0.010845986984815618,[Coronado Brewing Company=Punk'in Drublic],
1,0.008676789587852495,[Firestone Walker Brewing Company=Helldorado (2015)],
1,0.01193058568329718,[Mother Earth Brew Co. (California)=Sin-Tax Imperial Stout (Peanut Butter)],
1,0.009761388286334056,[Port Brewing Company=Hop-15 Ale],
1,0.009761388286334056,[Port Brewing Company=Shark Attack Double Red Ale],
1,0.0227765726681128,[Mother Earth Brew Co. (California)=Cali' Creamin'],
1,0.008676789587852495,[Sonoma Cider=The Hatchet Apple Cider],
1,0.01193058568329718,[Almanac Beer Co.=Meyer Lemon Gose],
1,0.01843817787418655,[Central Coast Brewing=Head Over Peels],
1,0.019522776572668113,[Stone Brewing Co.=Ruination Double IPA 2.0],
1,0.010845986984815618,[Anheuser-Busch=Bud Light Platinum],
1,0.013015184381778741,[The Bruery=Autumn Maple],
1,0.009761388286334056,[Port Brewing Company=Board Meeting],
1,0.02386117136659436,[Stone Brewing Co.=19th Anniversary Thunderstruck IPA],
1,0.015184381778741865,[Stone Brewing Co.=Stone Farking Wheaton w00tstout (2015)],
1,0.009761388286334056,[Erdinger Weissbräu=Erdinger Weißbier / Hefe-Weizen Dunkel],
1,0.01735357917570499,[Oskar Blues Brewery=Mama's Little Yella Pils],
1,0.008676789587852495,[Hangar 24 Craft Brewery=Local Fields Series: Essence],
1,0.008676789587852495,[Mission Brewery=Dark Seas],
1,0.014099783080260303,[Ballast Point Brewing & Spirits=Grunion Pale Ale],
1,0.009761388286334056,[Traveler Beer Co.=Illusive Traveler Grapefruit Shandy],
1,0.0227765726681128,[Ballast Point Brewing & Spirits=Calm Before The Storm],
1,0.01193058568329718,[Stone Brewing Co.=Stone Saison],
1,0.015184381778741865,[Deschutes Brewery=Pinedrops IPA],
1,0.01193058568329718,[Mission Brewery=Hard Root Beer],
1,0.01193058568329718,[Small Town Brewery & Taproom=Not Your Father's Root Beer (5.9%)],
1,0.0227765726681128,[The Bruery=Mischief],
1,0.01193058568329718,[High Water Brewing=Campfire Stout],
1,0.01193058568329718,[Köstritzer Schwarzbierbrauerei=Köstritzer Schwarzbier],
1,0.01193058568329718,[Almanac Beer Co.=Golden Gate Gose],
1,0.014099783080260303,[21st Amendment Brewery=Down To Earth],
1,0.010845986984815618,[Stone Brewing Co.=Points Unknown IPA],
1,0.021691973969631236,[21st Amendment Brewery=Brew Free! or Die IPA],
1,0.015184381778741865,[Drake's Brewing Company=Drakonic],
1,0.014099783080260303,[Bootlegger's Brewery=Knuckle Sandwich],
1,0.009761388286334056,[The Bruery=Trade Winds Tripel],
1,0.01193058568329718,[Prairie Artisan Ales=Bomb!],
1,0.008676789587852495,[Brouwerij Verhaeghe=Duchesse de Bourgogne],
1,0.009761388286334056,[Lagunitas Brewing Company=Olde GnarlyWine],
1,0.013015184381778741,[Stone Brewing Co.=Stochasticity Project: HiFi + LoFi Mixtape],
1,0.01193058568329718,[Saint Archer Brewing Company=Double IPA],
1,0.021691973969631236,[Lagunitas Brewing Company=Lagunitas Sucks],
1,0.008676789587852495,[The Lost Abbey=Cuvée de Tomme],
1,0.008676789587852495,[Ballast Point Brewing & Spirits=Sour Wench],
1,0.009761388286334056,[Ninkasi Brewing Company=Ground Control],
1,0.01843817787418655,[Anderson Valley Brewing Company=Boont Amber Ale],
1,0.008676789587852495,[The Libertine Pub=Once You Gose Black],
1,0.008676789587852495,[New Belgium Brewing Company=Le Terroir (Lips of Faith)],
1,0.013015184381778741,[The Bruery=Rueuze],
1,0.009761388286334056,[Arrogant Bastard Brewing Co.=Arrogant Bastard Ale (Bourbon Barrel Aged)],
1,0.016268980477223426,[Kern River Brewing Company=Just Outstanding IPA],
1,0.010845986984815618,[Stone Brewing Co.=Drew & Steve's Imperial Mutt Brown Ale (Spotlight Series)],
1,0.009761388286334056,[Kern River Brewing Company=Class V Stout],
1,0.009761388286334056,[North Coast Brewing Company=Old No. 38 Stout],
1,0.015184381778741865,[Stone Brewing Co.=Stone Enjoy By 04.20.15 IPA],
1,0.008676789587852495,[Central Coast Brewing=Mo' Nelly Pale Ale],
1,0.014099783080260303,[Anderson Valley Brewing Company=Blood Orange Gose],
1,0.009761388286334056,[Figueroa Mountain Brewing Co.=Stagecoach Stout],
1,0.008676789587852495,[Dogfish Head Craft Brewery=Aprihop],
1,0.016268980477223426,[Deschutes Brewery=Chainbreaker White IPA],
1,0.008676789587852495,[Samuel Smith's Old Brewery=Nut Brown Ale],
1,0.01193058568329718,[The Bruery=Oude Tart],
1,0.009761388286334056,[The Bruery=7 Swans-A-Swimming],
1,0.010845986984815618,[New Belgium Brewing Company=Cascara Quad (Lips of Faith)],
1,0.009761388286334056,[Stone Brewing Co.=Matt's Burning Rosids],
1,0.010845986984815618,[Firestone Walker Brewing Company=Parabola (2014)],
1,0.014099783080260303,[Anderson Valley Brewing Company=Barney Flats Oatmeal Stout],
1,0.016268980477223426,[Lagunitas Brewing Company=Cappuccino Stout],
1,0.03796095444685466,[Russian River Brewing Company=Pliny the Elder],
1,0.01843817787418655,[Karl Strauss Brewing Company=Red Trolley Ale],
1,0.031453362255965296,[Firestone Walker Brewing Company=Union Jack IPA],
1,0.0227765726681128,[BarrelHouse Brewing Co=BarrelHouse IPA],
1,0.026030368763557483,[Modern Times Beer=Black House],
1,0.014099783080260303,[Stone Brewing Co.=Stone Enjoy By 02.14.15 IPA],
1,0.01843817787418655,[Lagunitas Brewing Company=Night Time Ale],
1,0.010845986984815618,[Hangar 24 Craft Brewery=Barrel Roll No. 3 - Pugachev's Cobra (2014)],
1,0.009761388286334056,[Goose Island Beer Co.=Bourbon County Brand Stout (2014) 13.8%],
1,0.014099783080260303,[Sierra Nevada Brewing Co.=Hop Hunter IPA],
1,0.016268980477223426,[Sierra Nevada Brewing Co.=Beer Camp Hoppy Lager (2015)],
1,0.015184381778741865,[Ballast Point Brewing & Spirits=Pale Ale (Yellowtail)],
1,0.026030368763557483,[Goose Island Beer Co.=Goose IPA],
1,0.009761388286334056,[See Canyon Hard Cider Co.=See Canyon Hard Cider],
1,0.009761388286334056,[Karl Strauss Brewing Company=Five Wee Heavy Bells],
1,0.01843817787418655,[Stone Brewing Co.=Stochasticity Project: Master of Disguise],
1,0.01193058568329718,[Figueroa Mountain Brewing Co.=Big Cone Black Ale],
1,0.013015184381778741,[Figueroa Mountain Brewing Co.=Zero to Sexy],
1,0.01735357917570499,[North Coast Brewing Company=Scrimshaw Pilsner],
1,0.019522776572668113,[Heretic Brewing Company=Shallow Grave],
1,0.01843817787418655,[Stone Brewing Co.=Xocoveza Mocha Stout],
1,0.020607375271149676,[Allagash Brewing Company=White],
1,0.02928416485900217,[Ballast Point Brewing & Spirits=Victory at Sea],
1,0.01843817787418655,[North Coast Brewing Company=Pranqster],
1,0.010845986984815618,[Ballast Point Brewing & Spirits=Indra Kunindra],
1,0.02928416485900217,[Deschutes Brewery=Fresh Squeezed IPA],
1,0.015184381778741865,[Rogue Ales & Spirits=Rogue Farms 7 Hop IPA],
1,0.01193058568329718,[Lagunitas Brewing Company=Imperial Stout],
1,0.020607375271149676,[Boston Beer Company (Samuel Adams)=Samuel Adams Winter Lager],
1,0.009761388286334056,[Almanac Beer Co.=Dogpatch Sour],
1,0.01193058568329718,[Boddington's Brewery=Pub Ale],
1,0.026030368763557483,[Grupo Modelo S.A. de C.V.=Negra Modelo],
1,0.01735357917570499,[Golden Road Brewing=Point The Way IPA],
1,0.019522776572668113,[Heineken=Heineken],
1,0.01193058568329718,[Blue Moon Brewing Company=Cinnamon Horchata Ale],
1,0.0227765726681128,[Heretic Brewing Company=Chocolate Hazelnut Porter],
1,0.008676789587852495,[Firestone Walker Brewing Company=Velvet Merkin (2013)],
1,0.008676789587852495,[Deschutes Brewery=Black Butte XXV],
1,0.014099783080260303,[Ballast Point Brewing & Spirits=Longfin Lager],
1,0.020607375271149676,[Rogue Ales & Spirits=Hazelnut Brown Nectar],
1,0.019522776572668113,[Cervecería Cuauhtémoc Moctezuma S.A. de C.V.=Tecate],
1,0.019522776572668113,[Anheuser-Busch=Budweiser],
1,0.04229934924078091,[Belching Beaver=Peanut Butter Milk Stout],
1,0.01193058568329718,[Stone Brewing Co.=Stone Enjoy By 12.26.14 IPA],
1,0.0455531453362256,[Ballast Point Brewing & Spirits=Grapefruit Sculpin],
1,0.015184381778741865,[Sierra Nevada Brewing Co.=Narwhal Imperial Stout],
1,0.013015184381778741,[Ballast Point Brewing & Spirits=Big Eye IPA],
1,0.03036876355748373,[Firestone Walker Brewing Company=Velvet Merlin],
1,0.008676789587852495,[Firestone Walker Brewing Company=Velvet Merkin (2014)],
1,0.01735357917570499,[Firestone Walker Brewing Company=Firestone 18 (XVIII) Anniversary Ale],
1,0.0227765726681128,[Firestone Walker Brewing Company=Velvet Mocha Merlin],
1,0.008676789587852495,[Spoetzl Brewery=Shiner Bock],
1,0.015184381778741865,[Grupo Modelo S.A. de C.V.=Corona Light],
1,0.024945770065075923,[Anchor Brewing Company=Anchor Steam Beer],
1,0.016268980477223426,[Green Flash Brewing Co.=West Coast IPA (2014)],
1,0.01735357917570499,[Golden Road Brewing=Get Up Offa That Brown],
1,0.009761388286334056,[Allagash Brewing Company=Black],
1,0.009761388286334056,[Sierra Nevada Brewing Co.=Flipside Red IPA (2014)],
1,0.010845986984815618,[Karl Strauss Brewing Company=Big Barrel Double IPA],
1,0.01843817787418655,[Drake's Brewing Company=1500 Pale Ale],
1,0.027114967462039046,[Guinness=Guinness Draught],
1,0.013015184381778741,[Stone Brewing Co.=Stone Enjoy By 10.31.14 IPA],
1,0.015184381778741865,[The Bruery=Tart of Darkness (2014)],
1,0.009761388286334056,[Bières de Chimay (Abbaye Notre Dame de Scourmont)=Chimay Rouge (Première)],
1,0.04229934924078091,[Ballast Point Brewing & Spirits=Sculpin IPA],
1,0.03253796095444685,[Boston Beer Company (Samuel Adams)=Samuel Adams OctoberFest],
1,0.024945770065075923,[Firestone Walker Brewing Company=Oaktoberfest],
1,0.01843817787418655,[Knee Deep Brewing Company=Hoptologist DIPA],
1,0.013015184381778741,[Stone Brewing Co.=18th Anniversary IPA],
1,0.014099783080260303,[Knee Deep Brewing Company=Simtra Triple IPA],
1,0.027114967462039046,[Stone Brewing Co.=Stone Cali-Belgique IPA],
1,0.013015184381778741,[Oskar Blues Brewery=Old Chub Nitro],
1,0.03036876355748373,[Sapporo Breweries=Sapporo Premium Beer],
1,0.009761388286334056,[Stone Brewing Co.=Stochasticity Project: Quadrotriticale],
1,0.019522776572668113,[Anderson Valley Brewing Company=Wild Turkey Bourbon Barrel Stout],
1,0.009761388286334056,[Heretic Brewing Company=Petit Rouge],
1,0.008676789587852495,[Sierra Nevada Brewing Co.=There and Back],
1,0.01735357917570499,[Speakeasy Ales & Lagers=Prohibition Ale],
1,0.01843817787418655,[Trumer=Trumer Pils],
1,0.027114967462039046,[21st Amendment Brewery=Back in Black],
1,0.027114967462039046,[Lagunitas Brewing Company=A Little Sumpin' Sumpin' Ale],
1,0.010845986984815618,[Ballast Point Brewing & Spirits=Piper Down Scottish Ale],
1,0.015184381778741865,[New Belgium Brewing Company=Ranger],
1,0.027114967462039046,[Stella Artois=Stella Artois],
1,0.009761388286334056,[Brouwerij van Hoegaarden=Hoegaarden Blanche],
1,0.01735357917570499,[Plzeňský Prazdroj=Pilsner Urquell],
1,0.015184381778741865,[Asahi Breweries=Asahi Super Dry],
1,0.010845986984815618,[New Belgium Brewing Company=Grätzer Ale (Lips of Faith)],
1,0.01735357917570499,[Mendocino Brewing Company=Eye of the Hawk (Imperial Ale)],
1,0.014099783080260303,[Duvel Moortgat=Duvel],
1,0.008676789587852495,[Allagash Brewing Company=Tripel],
1,0.024945770065075923,[Pabst Brewing Company=Pabst Blue Ribbon],
1,0.01735357917570499,[New Belgium Brewing Company=Rampant],
1,0.015184381778741865,[Stone Brewing Co.=RuinTen Triple IPA],
1,0.014099783080260303,[Spaten-Franziskaner-Löwenbräu-Gruppe=Spaten Optimator],
1,0.01193058568329718,[Guinness=Guinness Extra Stout (Canada / USA)],
1,0.008676789587852495,[Birra Peroni=Peroni Original],
1,0.020607375271149676,[Figueroa Mountain Brewing Co.=Hurricane Deck],
1,0.014099783080260303,[Deschutes Brewery=Obsidian Stout],
1,0.0227765726681128,[Figueroa Mountain Brewing Co.=Danish Red Lager],
1,0.008676789587852495,[The Lost Abbey=Carnevale],
1,0.014099783080260303,[Green Flash Brewing Co.=Road Warrior],
1,0.014099783080260303,[Ballast Point Brewing & Spirits=Habanero Sculpin],
1,0.01843817787418655,[Stone Brewing Co.=Stone Sublimely Self-Righteous Black IPA],
1,0.026030368763557483,[Big Sky Brewing Company=Moose Drool Brown Ale],
1,0.010845986984815618,[The Dudes' Brewing Company=Grandma's Pecan],
1,0.009761388286334056,[Sierra Nevada Brewing Co.=Ovila Abbey Saison (w/ Mandarin Oranges and Peppercorns)],
1,0.010845986984815618,[Deschutes Brewery=Red Chair NWPA],
1,0.0227765726681128,[North Coast Brewing Company=Brother Thelonious],
1,0.03579175704989154,[Deschutes Brewery=Black Butte Porter],
1,0.01843817787418655,[Tap It Brewing Co=American Pale Ale],
1,0.026030368763557483,[Figueroa Mountain Brewing Co.=Hoppy Poppy IPA],
1,0.02386117136659436,[Sierra Nevada Brewing Co.=Torpedo Extra IPA],
1,0.020607375271149676,[Kirin Brewery Company=Ichiban (Ichiban Shibori)],
1,0.01843817787418655,[Russian River Brewing Company=Blind Pig IPA],
1,0.010845986984815618,[Lagunitas Brewing Company=Born Yesterday Pale Ale],
1,0.01843817787418655,[New Belgium Brewing Company=Salted Caramel Brownie Brown Ale],
1,0.009761388286334056,[Almanac Beer Co.=Almanac IPA],
1,0.01193058568329718,[Guinness=Guinness Blonde American Lager],
1,0.021691973969631236,[Tap It Brewing Co=IPA (India Pale Ale)],
1,0.01735357917570499,[Dogfish Head Craft Brewery=60 Minute IPA],
1,0.016268980477223426,[Stone Brewing Co.=Stone Enjoy By 11.27.15 Black IPA],
1,0.010845986984815618,[Lagunitas Brewing Company=Born Yesterday Pale Ale (2015)],
1,0.014099783080260303,[The Libertine Pub=Summer Breeze],
1,0.009761388286334056,[Telegraph Brewing Company=Reserve Wheat Ale],
1,0.014099783080260303,[Anchor Brewing Company=Anchor California Lager],
1,0.010845986984815618,[Ballast Point Brewing & Spirits=Wahoo White],
1,0.01735357917570499,[Kona Brewing Company=Longboard Island Lager],
1,0.010845986984815618,[Sierra Nevada Brewing Co.=Summerfest (2015)],
1,0.014099783080260303,[Lagunitas Brewing Company=New Dogtown Pale Ale],
1,0.015184381778741865,[Saint Archer Brewing Company=IPA],
1,0.010845986984815618,[Rogue Ales & Spirits=Shakespeare Oatmeal Stout],
1,0.014099783080260303,[Speakeasy Ales & Lagers=Big Daddy IPA],
1,0.008676789587852495,[Latrobe Brewing Co.=Rolling Rock Extra Pale],
1,0.015184381778741865,[Green Flash Brewing Co.=Double Stout],
1,0.02928416485900217,[Firestone Walker Brewing Company=Pale 31],
1,0.01735357917570499,[New Belgium Brewing Company=Slow Ride],
1,0.009761388286334056,[Elysian Brewing=Dragonstooth Stout],
1,0.020607375271149676,[Pizza Port Brewing Co.=Swami's IPA],
1,0.020607375271149676,[John Smiths=Newcastle Brown Ale],
1,0.01193058568329718,[Firestone Walker Brewing Company=Double DBA (2014)],
1,0.009761388286334056,[Wolf Creek Brewery=Howlin' Hefeweizen],
1,0.015184381778741865,[Lagunitas Brewing Company=A Little Sumpin' Extra! Ale],
1,0.014099783080260303,[Lagunitas Brewing Company=DayTime Fractional IPA],
1,0.010845986984815618,[Dogfish Head Craft Brewery=Midas Touch],
1,0.013015184381778741,[Green Flash Brewing Co.=Hop Head Red Double IPA (2014)],
1,0.01193058568329718,[Dogfish Head Craft Brewery=Sixty-One],
1,0.013015184381778741,[AleSmith Brewing Company=Speedway Stout],
1,0.01735357917570499,[Goose Island Beer Co.=Bourbon County Brand Stout],
1,0.009761388286334056,[Firestone Walker Brewing Company=Velvet Merkin (2015)],
1,0.009761388286334056,[Firestone Walker Brewing Company=Parabola (2015)],
1,0.019522776572668113,[Rogue Ales & Spirits=Dead Guy Ale],
1,0.008676789587852495,[SLO Brewing Company=Saphead],
1,0.01843817787418655,[Central Coast Brewing=Stenner Creek Stout],
1,0.008676789587852495,[The Libertine Pub=1234 Broad Street],
1,0.008676789587852495,[Clown Shoes=Blaecorn Unidragon],
1,0.009761388286334056,[Einstök Ölgerð=Icelandic Toasted Porter],
1,0.015184381778741865,[Drake's Brewing Company=Aroma Coma],
1,0.008676789587852495,[The Libertine Pub=Pacific Ocean Blue],
1,0.02386117136659436,[Boston Beer Company (Samuel Adams)=Samuel Adams Boston Lager],
1,0.01193058568329718,[Almanac Beer Co.=Saison Dolores],
1,0.028199566160520606,[Deschutes Brewery=Mirror Pond Pale Ale],
1,0.021691973969631236,[Tap It Brewing Co=Ale Camino],
1,0.008676789587852495,[Brouwerij De Brabandere (Bavik)=Petrus Aged Pale],
1,0.009761388286334056,[Saint Archer Brewing Company=Mosaic IPA],
1,0.008676789587852495,[The Libertine Pub=Chocolate Vanilla Gose],
1,0.014099783080260303,[Firestone Walker Brewing Company=Firestone 17 (XVII) Anniversary Ale],
1,0.013015184381778741,[Tap It Brewing Co=Pi],
1,0.014099783080260303,[Tap It Brewing Co=Full Blown Stout],
1,0.021691973969631236,[Oskar Blues Brewery=Pinner Throwback IPA],
1,0.01735357917570499,[Figueroa Mountain Brewing Co.=FMB 101],
1,0.01193058568329718,[Brouwerij Huyghe=Delirium Tremens],
1,0.008676789587852495,[Cervecería Mexicana S. de R.L. de C.V. (Tecate)=Pay the Ferryman],
1,0.013015184381778741,[Ninkasi Brewing Company=Oatis Oatmeal Stout],
1,0.024945770065075923,[Coors Brewing Company=Coors Original],
1,0.01735357917570499,[SLO Brewing Company=Reggae Red],
1,0.013015184381778741,[Tap It Brewing Co=Cafe Noir],
1,0.009761388286334056,[Drake's Brewing Company=Hopocalypse],
1,0.019522776572668113,[Mammoth Brewing Company=Double Nut Brown],
1,0.015184381778741865,[Firestone Walker Brewing Company=Velvet Merkin],
1,0.009761388286334056,[Bear Republic Brewing Co.=Apex™],
1,0.010845986984815618,[Desnoes & Geddes=Red Stripe],
1,0.010845986984815618,[The Libertine Pub=Framboise],
1,0.021691973969631236,[Stone Brewing Co.=Stone Ruination IPA],
1,0.010845986984815618,[Ninkasi Brewing Company=Tricerahops Double IPA],
1,0.01193058568329718,[SLO Brewing Company=Oatmeal Stout],
1,0.01843817787418655,[SLO Brewing Company=IPA],
1,0.008676789587852495,[Clown Shoes=Undead Party Crasher],
1,0.009761388286334056,[Foster's Group=Foster's Lager],
1,0.010845986984815618,[Bayerische Staatsbrauerei Weihenstephan=Weihenstephaner Korbinian],
1,0.013015184381778741,[Hangar 24 Craft Brewery=Chocolate Porter],
1,0.014099783080260303,[Stone Brewing Co.=Stone Smoked Porter],
1,0.01735357917570499,[Firestone Walker Brewing Company=Lil' Opal],
1,0.01193058568329718,[Firestone Walker Brewing Company=Maltose Falcons],
1,0.016268980477223426,[Lost Coast Brewery=Tangerine Wheat],
1,0.009761388286334056,[Lagunitas Brewing Company=The Hairy Eyeball],
1,0.01843817787418655,[Magic Hat Brewing Company=#9],
1,0.008676789587852495,[Steel Brewing Co=Steel Reserve 211 High Gravity Lager],
1,0.019522776572668113,[Boulevard Brewing Co.=Tank 7 Farmhouse Ale],
1,0.008676789587852495,[Anchor Brewing Company=Merry Christmas & Happy New Year (Our Special Ale) (2014)],
1,0.010845986984815618,[SLO Brewing Company=Honey Blonde],
1,0.016268980477223426,[Firestone Walker Brewing Company=Unfiltered DBA (Double Barrel Ale)],
1,0.020607375271149676,[Firestone Walker Brewing Company=Agrestic],
1,0.009761388286334056,[Firestone Walker Brewing Company=Parabajava],
1,0.010845986984815618,[Lagunitas Brewing Company=Imperial Red Ale],
1,0.009761388286334056,[The Lost Abbey=10 Commandments],
1,0.008676789587852495,[Redhook Brewery=Out of Your Gourd],
1,0.031453362255965296,[Anheuser-Busch=Bud Light],
1,0.024945770065075923,[Firestone Walker Brewing Company=Double Jack],
1,0.019522776572668113,[Coronado Brewing Company=Idiot IPA],
1,0.014099783080260303,[Anchor Brewing Company=Liberty Ale],
1,0.014099783080260303,[Ninkasi Brewing Company=Total Domination IPA],
1,0.014099783080260303,[Goose Island Beer Co.=Matilda],
1,0.013015184381778741,[Heretic Brewing Company=Evil Twin],
1,0.024945770065075923,[Dogfish Head Craft Brewery=Punkin Ale],
1,0.01193058568329718,[Shipyard Brewing Company=Pugsley Signature Series: Smashed Pumpkin],
1,0.013015184381778741,[Mother Earth Brew Co. (California)=Boo Koo],
1,0.008676789587852495,[Einstök Ölgerð=Icelandic Arctic Pale Ale],
1,0.01843817787418655,[Karl Strauss Brewing Company=Tower 10 IPA],
1,0.009761388286334056,[Green Flash Brewing Co.=Citra Session IPA],
1,0.013015184381778741,[Coronado Brewing Company=Blue Bridge Coffee Stout],
1,0.008676789587852495,[Omer Vander Ghinste Brewery=Cuvée Des Jacobins Rouge],
1,0.008676789587852495,[Port Brewing Company=Mongo Double IPA],
1,0.008676789587852495,[The Lost Abbey=Serpent's Stout],
1,0.009761388286334056,[Port Brewing Company=Old Viscosity],
1,0.010845986984815618,[Bruery Terreux®=Hottenroth],
1,0.010845986984815618,[Belching Beaver=Beavers Milk],
1,0.01193058568329718,[Heretic Brewing Company=Evil Cousin],
1,0.010845986984815618,[AleSmith Brewing Company=Nut Brown Ale],
1,0.008676789587852495,[Stone Brewing Co.=Keri Kelli/Kyle Hollingsworth/Stone Collective Distortion IPA],
1,0.010845986984815618,[Oskar Blues Brewery=Ten FIDY],
1,0.033622559652928416,[Coors Brewing Company=Coors Light],
1,0.013015184381778741,[Goose Island Beer Co.=Sofie],
1,0.01193058568329718,[Brewery Ommegang=Three Philosophers],
1,0.014099783080260303,[New Belgium Brewing Company=La Folie (Lips of Faith) (2014)],
1,0.01843817787418655,[Stone Brewing Co.=Stone Go To IPA],
1,0.015184381778741865,[Sierra Nevada Brewing Co.=Ovila Abbey Quad with Plums],
1,0.03036876355748373,[Firestone Walker Brewing Company=Wookey Jack],
1,0.016268980477223426,[Boulder Beer Company=Shake Chocolate Porter],
1,0.01193058568329718,[Allagash Brewing Company=Curieux],
1,0.016268980477223426,[Russian River Brewing Company=Damnation],
1,0.009761388286334056,[Brewery Ommegang=Hennepin Farmhouse Saison],
1,0.021691973969631236,[Bang The Drum Brewery=King Maté],
1,0.009761388286334056,[Boston Beer Company (Samuel Adams)=Samuel Adams Fat Jack Double Pumpkin],
1,0.009761388286334056,[New Belgium Brewing Company=Long Table],
1,0.009761388286334056,[Knee Deep Brewing Company=Breaking Bud],
1,0.009761388286334056,[Modern Times Beer=Universal Friend],
1,0.014099783080260303,[Einstök Ölgerð=Icelandic White Ale],
1,0.013015184381778741,[Ballast Point Brewing & Spirits=Dead Ringer],
1,0.026030368763557483,[Grupo Modelo S.A. de C.V.=Modelo Especial],
1,0.014099783080260303,[Abbaye de Leffe=Leffe Blonde],
1,0.01193058568329718,[Brouwerij Liefmans=Liefmans Goudenband],
1,0.008676789587852495,[New Belgium Brewing Company=Trippel],
1,0.013015184381778741,[Stone Brewing Co.=Pale Ale 2.0],
1,0.016268980477223426,[Kona Brewing Company=Fire Rock Pale Ale],
1,0.010845986984815618,[Kona Brewing Company=Castaway IPA],
1,0.014099783080260303,[New Belgium Brewing Company=Blue Paddle],
1,0.013015184381778741,[Bell's Brewery Inc.=Two Hearted Ale],
1,0.009761388286334056,[Boston Beer Company (Samuel Adams)=Samuel Adams Harvest Pumpkin Ale],
1,0.010845986984815618,[Sierra Nevada Brewing Co.=Oktoberfest],
1,0.010845986984815618,[Elysian Brewing=Space Dust IPA],
1,0.015184381778741865,[Miller Brewing Company=Miller Lite],
1,0.01193058568329718,[Sierra Nevada Brewing Co.=Hoptimum],
1,0.009761388286334056,[Lagunitas Brewing Company=Citrusinensis Pale Ale],
1,0.01735357917570499,[Modern Times Beer=Blazing World],
1,0.009761388286334056,[Cervecería Cuauhtémoc Moctezuma S.A. de C.V.=Sol],
1,0.009761388286334056,[Avery Brewing Company=White Rascal],
1,0.014099783080260303,[Stone Brewing Co.=Stone Enjoy By 07.04.15 IPA],
1,0.008676789587852495,[Lagunitas Brewing Company=The Waldos' Special Ale (AKA Waldo's 420) (2015)],
1,0.010845986984815618,[Elysian Brewing=Superfuzz Blood Orange Pale],
1,0.010845986984815618,[Anheuser-Busch=Michelob ULTRA],
1,0.009761388286334056,[New Belgium Brewing Company=Shift],
1,0.01193058568329718,[Lost Coast Brewery=Sharkinator],
1,0.021691973969631236,[Oskar Blues Brewery=Dale's Pale Ale],
1,0.015184381778741865,[Alpine Beer Company (CA)=Nelson],
1,0.01193058568329718,[AleSmith Brewing Company=IPA],
1,0.01843817787418655,[Golden Road Brewing=Wolf Among Weeds],
1,0.016268980477223426,[Alpine Beer Company (CA)=Duet],
1,0.016268980477223426,[Guinness=Smithwick's Draught / Premium Irish Ale / Red Ale],
1,0.024945770065075923,[New Belgium Brewing Company=Snapshot],
1,0.008676789587852495,[Karl Strauss Brewing Company=Mosaic Session Ale],
1,0.009761388286334056,[Golden Road Brewing=2020 IPA],
1,0.013015184381778741,[Abita Brewing Company=Purple Haze],
1,0.015184381778741865,[Firestone Walker Brewing Company=Double DBA],
1,0.01843817787418655,[Sierra Nevada Brewing Co.=Nooner Pilsner],
1,0.015184381778741865,[Bayerische Staatsbrauerei Weihenstephan=Weihenstephaner Hefeweissbier],
1,0.009761388286334056,[Tap It Brewing Co=Continuum],
1,0.024945770065075923,[Stone Brewing Co.=Delicious IPA],
1,0.01193058568329718,[Boon Rawd Brewery=Singha],
1,0.020607375271149676,[Grupo Modelo S.A. de C.V.=Pacifico Clara],
1,0.010845986984815618,[Ballast Point Brewing & Spirits=Even Keel],
1,0.014099783080260303,[Angry Orchard Cider Company=Crisp Apple],
1,0.0227765726681128,[Blue Moon Brewing Company=Belgian White],
1,0.009761388286334056,[Brewery Ommegang=Rare Vos],
1,0.008676789587852495,[Carlsberg Group=Carlsberg],
1,0.008676789587852495,[Bières de Chimay (Abbaye Notre Dame de Scourmont)=Chimay Blanche (Cinq Cents)],
1,0.015184381778741865,[Jacob Leinenkugel Brewing Company=Summer Shandy],
1,0.013015184381778741,[Lagunitas Brewing Company=Maximus],
1,0.008676789587852495,[Coors Brewing Company=Third Shift - Amber Lager],
1,0.015184381778741865,[Lagunitas Brewing Company=Hop Stoopid],
1,0.027114967462039046,[Shock Top Brewing Co.=Belgian White],
1,0.016268980477223426,[Kona Brewing Company=Big Wave Golden Ale],
1,0.020607375271149676,[Saint Archer Brewing Company=White Ale],
1,0.016268980477223426,[Saint Archer Brewing Company=Pale Ale],
1,0.01735357917570499,[Saint Archer Brewing Company=Blonde Ale],
1,0.020607375271149676,[Grupo Modelo S.A. de C.V.=Corona Extra (Coronita_ Familiar_ Mega)],
1,0.009761388286334056,[Guinness=Harp Premium Lager],
1,0.010845986984815618,[Cervecería Cuauhtémoc Moctezuma S.A. de C.V.=Dos Equis Special Lager],
1,0.020607375271149676,[Oskar Blues Brewery=Old Chub],
1,0.008676789587852495,[Shipyard Brewing Company=Monkey Fist IPA],
1,0.009761388286334056,[Modern Times Beer=Fortunate Islands],
1,0.009761388286334056,[Port Brewing Company=Wipeout IPA],
1,0.015184381778741865,[Cervecería Cuauhtémoc Moctezuma S.A. de C.V.=Dos Equis Amber],
1,0.01193058568329718,[Lagunitas Brewing Company=Equinox],
1,0.008676789587852495,[Coors Brewing Company=George Killian's Irish Red],
1,0.016268980477223426,[Firestone Walker Brewing Company=Taproom Brown],
1,0.01735357917570499,[BarrelHouse Brewing Co=BarrelHouse Stout],
1,0.010845986984815618,[Telegraph Brewing Company=California Ale],
1,0.009761388286334056,[Anderson Valley Brewing Company=Hop Ottin IPA],
1,0.008676789587852495,[Green Flash Brewing Co.=Palate Wrecker],
1,0.010845986984815618,[Stone Brewing Co.=Drew Curtis/Wil Wheaton/Greg Koch Stone Farking Wheaton w00tstout],
1,0.009761388286334056,[Boston Beer Company (Samuel Adams)=Samuel Adams White Christmas],
1,0.013015184381778741,[Coronado Brewing Company=Islander IPA],
1,0.026030368763557483,[North Coast Brewing Company=Old Rasputin],
1,0.010845986984815618,[Anderson Valley Brewing Company=Winter Solstice],
1,0.009761388286334056,[Pyramid Breweries=Hefeweizen],
1,0.013015184381778741,[Speakeasy Ales & Lagers=Tallulah Extra Pale Ale],
1,0.016268980477223426,[Boston Beer Company (Samuel Adams)=Samuel Adams Rebel IPA],
1,0.01735357917570499,[Boston Beer Company (Samuel Adams)=Samuel Adams Summer Ale],
1,0.01735357917570499,[Drake's Brewing Company=Denogginizer],
1,0.01193058568329718,[Goose Island Beer Co.=Honker's Ale],
1,0.016268980477223426,[Deschutes Brewery=Twilight Summer Ale],
1,0.009761388286334056,[Redhook Brewery=ESB],
1,0.009761388286334056,[BarrelHouse Brewing Co=BarrelHouse Rye IPA],
1,0.01735357917570499,[BarrelHouse Brewing Co=Templeton - Kolsch Style Ale],
1,0.008676789587852495,[Anderson Valley Brewing Company=Summer Solstice],
1,0.008676789587852495,[Shock Top Brewing Co.=Honeycrisp Apple Wheat],
1,0.015184381778741865,[New Belgium Brewing Company=1554],
1,0.014099783080260303,[Spaten-Franziskaner-Löwenbräu-Gruppe=Franziskaner Hefe-Weissbier Naturtrüb],
1,0.014099783080260303,[Boston Beer Company (Samuel Adams)=Samuel Adams Cold Snap],
1,0.010845986984815618,[Sierra Nevada Brewing Co.=Blindfold],
1,0.015184381778741865,[Jacob Leinenkugel Brewing Company=Snowdrift Vanilla Porter],
1,0.01193058568329718,[Yuengling Brewery=Traditional Lager],
1,0.013015184381778741,[Mendocino Brewing Company=Red Tail  (Amber Ale)],
1,0.015184381778741865,[New Belgium Brewing Company=Accumulation],
1,0.010845986984815618,[Blue Moon Brewing Company=Harvest Pumpkin Ale],
1,0.020607375271149676,[Central Coast Brewing=Catch 23],
1,0.02386117136659436,[Central Coast Brewing=Lucky Day IPA],
1,0.015184381778741865,[Central Coast Brewing=Golden Glow],
1,0.008676789587852495,[Sonoma Cider=The Anvil Bourbon Cider],
1,0.016268980477223426,[Bang The Drum Brewery=Das Weiss],
1,0.008676789587852495,[Sierra Nevada Brewing Co.=Alt Route],
1,0.008676789587852495,[Sierra Nevada Brewing Co.=Yonder Bock],
1,0.010845986984815618,[Sierra Nevada Brewing Co.=Tater Ridge],
1,0.009761388286334056,[Sierra Nevada Brewing Co.=Myron's Walk],
1,0.010845986984815618,[Paulaner Gruppe=Paulaner Hefe-Weizen/Hefe-Weißbier Naturtrüb / Natural Wheat / Bräuhaus Weizen],
1,0.016268980477223426,[Widmer Brothers Brewing=Hefeweizen],
1,0.015184381778741865,[Unibroue=La Fin Du Monde],
1,0.008676789587852495,[Widmer Brothers Brewing=Alchemy Ale],
1,0.013015184381778741,[Lost Coast Brewery=Downtown Brown],
1,0.013015184381778741,[Hangar 24 Craft Brewery=Orange Wheat],
1,0.008676789587852495,[Firestone Walker Brewing Company=Sour Opal (2015)],
1,0.010845986984815618,[Bang The Drum Brewery=Double English Maple Brown Ale],
1,0.01193058568329718,[New Belgium Brewing Company=Cocoa Mole (Lips of Faith)],
1,0.014099783080260303,[Firestone Walker Brewing Company=Bretta Weisse],
1,0.01193058568329718,[Wolf Creek Brewery=Midnight Howl India Black Ale],
1,0.008676789587852495,[The Bruery=Sucré (Bourbon Barrel Aged)],
1,0.013015184381778741,[Left Hand Brewing Company=Milk Stout Nitro],
1,0.009761388286334056,[BarrelHouse Brewing Co=Harvest Ale - Spiced Brown Porter],
1,0.016268980477223426,[Modern Times Beer=Lomaland],
1,0.010845986984815618,[Creekside Brewing Company=Double Dark Stout],
1,0.01193058568329718,[Bang The Drum Brewery=Nebula],
1,0.020607375271149676,[Bang The Drum Brewery=Draca],
1,0.009761388286334056,[Firestone Walker Brewing Company=Hammersmith IPA],
1,0.01193058568329718,[Dogfish Head Craft Brewery=Palo Santo Marron],
1,0.010845986984815618,[Stone Brewing Co.=Suede Imperial Porter],
1,0.014099783080260303,[Stone Brewing Co.=Sorry Not Sorry IPA],
1,0.008676789587852495,[Lagunitas Brewing Company=DoppelSticky],
1,0.013015184381778741,[Karl Strauss Brewing Company=Peanut Butter Cup Porter],
1,0.013015184381778741,[21st Amendment Brewery=Toaster Pastry],
1,0.01843817787418655,[Sierra Nevada Brewing Co.=Oktoberfest - Brauhaus Riegele (2015)],
1,0.021691973969631236,[Sierra Nevada Brewing Co.=Kellerweis],
1,0.01735357917570499,[Ninkasi Brewing Company=Dawn of the Red],
1,0.01193058568329718,[Uinta Brewing Company=Hop Nosh IPA],
1,0.016268980477223426,[Green Flash Brewing Co.=Soul Style],
1,0.010845986984815618,[Bear Republic Brewing Co.=Big Bear Black Stout™],
1,0.008676789587852495,[AleSmith Brewing Company=My Bloody Valentine],
1,0.016268980477223426,[Central Coast Brewing=The Original Chai Ale],
1,0.01735357917570499,[Central Coast Brewing=Terrace Hill Double IPA],
1,0.015184381778741865,[Firestone Walker Brewing Company=SLOambic],
1,0.008676789587852495,[Tap It Brewing Co=Rimfire Red],
1,0.01193058568329718,[New Belgium Brewing Company=Salted Belgian Chocolate Stout (Lips of Faith)],
1,0.014099783080260303,[New Belgium Brewing Company=Pumpkick],
1,0.008676789587852495,[Coronado Brewing Company=Sock Knocker],
1,0.010845986984815618,[North Coast Brewing Company=Le Merle],
1,0.010845986984815618,[Uinta Brewing Company=Oak Jacked Imperial Pumpkin Ale],
1,0.01193058568329718,[Uinta Brewing Company=Punk'n],
1,0.013015184381778741,[Founders Brewing Co.=Breakfast Stout],
1,0.008676789587852495,[Central Coast Brewing=Stop Collaborate & Listen],
1,0.015184381778741865,[Central Coast Brewing=Monterey Street],
1,0.009761388286334056,[Modern Times Beer=Fortunate Islands w/ Grapefruit Zest],
1,0.009761388286334056,[The Alchemist=Heady Topper],
1,0.026030368763557483,[BarrelHouse Brewing Co=Sunny Daze - Clementine Blonde Ale],
1,0.009761388286334056,[Alpine Beer Company (CA)=Pure Hoppiness],
1,0.009761388286334056,[Tioga-Sequoia Brewing Co.=General Sherman IPA],
1,0.013015184381778741,[Pizza Port Brewing Co.=Chronic Amber Ale],
1,0.009761388286334056,[Alpine Beer Company (CA)=Hoppy Birthday],
1,0.009761388286334056,[Bang The Drum Brewery=Adonis],
1,0.01193058568329718,[BarrelHouse Brewing Co=Curly Wolf - Maple Vanilla Bourbon Barrel Aged Imperial Stout],
1,0.01193058568329718,[Russian River Brewing Company=Supplication],
1,0.008676789587852495,[Black Diamond Brewing Company=Rampage Imperial IPA],
1,0.010845986984815618,[The Bruery=Sour in the Rye],
1,0.009761388286334056,[Mammoth Brewing Company=Epic IPA],
1,0.010845986984815618,[The Dudes' Brewing Company=Double Trunk DIPA],
1,0.010845986984815618,[Brewery Ommegang=Game Of Thrones - Take The Black Stout],
1,0.009761388286334056,[Toro Creek Brewing Company=Saison],
1,0.010845986984815618,[Dogfish Head Craft Brewery=American Beauty],
1,0.009761388286334056,[SLO Brewing Company=Pale Ale],
1,0.009761388286334056,[Coronado Brewing Company=Orange Avenue Wit],
1,0.008676789587852495,[Drake's Brewing Company=Alpha Session],
1,0.009761388286334056,[Lagunitas Brewing Company=Undercover Investigation Shut-Down Ale],
1,0.010845986984815618,[Staatliches Hofbräuhaus München=Hofbräu Oktoberfestbier],
1,0.008676789587852495,[Bang The Drum Brewery=Equinox Pale],
1,0.010845986984815618,[Oskar Blues Brewery=Death By Coconut],
1,0.015184381778741865,[Stone Brewing Co.=Stone Enjoy By 10.31.15 IPA],
1,0.013015184381778741,[Elysian Brewing=Loser Pale Ale],
1,0.01735357917570499,[Golden Road Brewing=Heal The Bay IPA],
1,0.008676789587852495,[Stone Brewing Co.=Stone Enjoy By 11.27.15 IPA],
1,0.01193058568329718,[Golden Road Brewing=329 Lager],
1,0.010845986984815618,[Brewery Ommegang=Game Of Thrones - Three Eyed Raven],
1,0.008676789587852495,[Knee Deep Brewing Company=Lupulin River],
1,0.009761388286334056,[BarrelHouse Brewing Co=BarrelHouse Pale Ryder - Rye Style Ale],
1,0.01193058568329718,[Anchor Brewing Company=Anchor IPA],
1,0.010845986984815618,[Kern River Brewing Company=Shuttle Bunny],
1,0.009761388286334056,[Figueroa Mountain Brewing Co.=Gibraltar],
1,0.009761388286334056,[Deschutes Brewery=Foray],
1,0.008676789587852495,[Samuel Smith's Old Brewery=Organic Chocolate Stout],
1,0.008676789587852495,[Flying Dog Brewery=Raging Bitch Belgian IPA],
1,0.008676789587852495,[Kona Brewing Company=Pipeline Porter],
1,0.008676789587852495,[Anchor Brewing Company=BigLeaf Maple Autumn Red],
1,0.009761388286334056,[Mendocino Brewing Company=Black Hawk (Stout)],
1,0.010845986984815618,[Founders Brewing Co.=All Day IPA],
1,0.008676789587852495,[Angel City Brewery=Angel City IPA],
1,0.016268980477223426,[Golden Road Brewing=Hefeweizen],
1,0.008676789587852495,[Firestone Walker Brewing Company=Hefeweizen],
1,0.008676789587852495,[Karl Strauss Brewing Company=Karl Strauss Amber],
1,0.008676789587852495,[Elysian Brewing=Avatar Jasmine IPA],
1,0.010845986984815618,[Dogfish Head Craft Brewery=Indian Brown Ale],
1,0.008676789587852495,[Drake's Brewing Company=Hefeweizen],
1,0.008676789587852495,[Georgetown Brewing Company=Manny's Pale Ale],
1,0.008676789587852495,[Telegraph Brewing Company=Stock Porter],
1,0.01193058568329718,[Clown Shoes=Chocolate Sombrero],
2,0.01193058568329718,[Lagunitas Brewing Company=IPA]-[Firestone Walker Brewing Company=Easy Jack],
2,0.014099783080260303,[Firestone Walker Brewing Company=805 Blonde]-[Firestone Walker Brewing Company=Easy Jack],
2,0.009761388286334056,[Stone Brewing Co.=Stone IPA]-[Firestone Walker Brewing Company=Easy Jack],
2,0.009761388286334056,[Sierra Nevada Brewing Co.=Pale Ale]-[Firestone Walker Brewing Company=Easy Jack],
2,0.014099783080260303,[Firestone Walker Brewing Company=Union Jack IPA]-[Firestone Walker Brewing Company=Easy Jack],
2,0.008676789587852495,[Anchor Brewing Company=Anchor Steam Beer]-[Firestone Walker Brewing Company=Easy Jack],
2,0.008676789587852495,[Firestone Walker Brewing Company=Easy Jack]-[Lagunitas Brewing Company=A Little Sumpin' Sumpin' Ale],
2,0.008676789587852495,[Figueroa Mountain Brewing Co.=Hurricane Deck]-[Firestone Walker Brewing Company=Easy Jack],
2,0.008676789587852495,[Stone Brewing Co.=Delicious IPA]-[Firestone Walker Brewing Company=Easy Jack],
2,0.008676789587852495,[Lagunitas Brewing Company=IPA]-[Firestone Walker Brewing Company=Opal],
2,0.009761388286334056,[Deschutes Brewery=Fresh Squeezed IPA]-[Firestone Walker Brewing Company=Opal],
2,0.009761388286334056,[Firestone Walker Brewing Company=805 Blonde]-[Firestone Walker Brewing Company=Pivo Pils],
2,0.009761388286334056,[Firestone Walker Brewing Company=Pivo Pils]-[New Belgium Brewing Company=Fat Tire],
2,0.008676789587852495,[Firestone Walker Brewing Company=DBA (Double Barrel Ale)]-[Firestone Walker Brewing Company=Pivo Pils],
2,0.009761388286334056,[Lagunitas Brewing Company=IPA]-[Dogfish Head Craft Brewery=90 Minute IPA],
2,0.014099783080260303,[Lagunitas Brewing Company=IPA]-[Bear Republic Brewing Co.=Racer 5 IPA®],
2,0.009761388286334056,[Figueroa Mountain Brewing Co.=Lizard's Mouth]-[Lagunitas Brewing Company=IPA],
2,0.013015184381778741,[Firestone Walker Brewing Company=805 Blonde]-[Lagunitas Brewing Company=IPA],
2,0.013015184381778741,[Lagunitas Brewing Company=IPA]-[Stone Brewing Co.=Stone IPA],
2,0.008676789587852495,[Lagunitas Brewing Company=IPA]-[New Belgium Brewing Company=Fat Tire],
2,0.009761388286334056,[Lagunitas Brewing Company=IPA]-[Arrogant Bastard Brewing Co.=Arrogant Bastard Ale],
2,0.010845986984815618,[Lagunitas Brewing Company=IPA]-[Firestone Walker Brewing Company=DBA (Double Barrel Ale)],
2,0.01193058568329718,[Lagunitas Brewing Company=IPA]-[Sierra Nevada Brewing Co.=Pale Ale],
2,0.009761388286334056,[Lagunitas Brewing Company=IPA]-[Firestone Walker Brewing Company=Union Jack IPA],
2,0.008676789587852495,[Lagunitas Brewing Company=IPA]-[Grupo Modelo S.A. de C.V.=Negra Modelo],
2,0.010845986984815618,[Lagunitas Brewing Company=IPA]-[Ballast Point Brewing & Spirits=Grapefruit Sculpin],
2,0.01193058568329718,[Lagunitas Brewing Company=IPA]-[Firestone Walker Brewing Company=Velvet Merlin],
2,0.008676789587852495,[Anchor Brewing Company=Anchor Steam Beer]-[Lagunitas Brewing Company=IPA],
2,0.009761388286334056,[Lagunitas Brewing Company=IPA]-[Drake's Brewing Company=1500 Pale Ale],
2,0.015184381778741865,[Lagunitas Brewing Company=IPA]-[Ballast Point Brewing & Spirits=Sculpin IPA],
2,0.008676789587852495,[Lagunitas Brewing Company=IPA]-[Stone Brewing Co.=Stone Cali-Belgique IPA],
2,0.009761388286334056,[Lagunitas Brewing Company=IPA]-[Lagunitas Brewing Company=A Little Sumpin' Sumpin' Ale],
2,0.008676789587852495,[Lagunitas Brewing Company=IPA]-[Figueroa Mountain Brewing Co.=Hoppy Poppy IPA],
2,0.008676789587852495,[Sierra Nevada Brewing Co.=Torpedo Extra IPA]-[Lagunitas Brewing Company=IPA],
2,0.008676789587852495,[Lagunitas Brewing Company=IPA]-[Firestone Walker Brewing Company=Pale 31],
2,0.009761388286334056,[Deschutes Brewery=Mirror Pond Pale Ale]-[Lagunitas Brewing Company=IPA],
2,0.008676789587852495,[Lagunitas Brewing Company=IPA]-[Stone Brewing Co.=Stone Ruination IPA],
2,0.008676789587852495,[Lagunitas Brewing Company=IPA]-[Boulevard Brewing Co.=Tank 7 Farmhouse Ale],
2,0.009761388286334056,[Lagunitas Brewing Company=IPA]-[Firestone Walker Brewing Company=Double Jack],
2,0.008676789587852495,[Lagunitas Brewing Company=IPA]-[Coronado Brewing Company=Idiot IPA],
2,0.008676789587852495,[Lagunitas Brewing Company=IPA]-[Heretic Brewing Company=Evil Cousin],
2,0.008676789587852495,[Lagunitas Brewing Company=IPA]-[Firestone Walker Brewing Company=Wookey Jack],
2,0.008676789587852495,[Stone Brewing Co.=Delicious IPA]-[Lagunitas Brewing Company=IPA],
2,0.008676789587852495,[Bear Republic Brewing Co.=Racer 5 IPA®]-[Stone Brewing Co.=Stone IPA],
2,0.009761388286334056,[Bear Republic Brewing Co.=Racer 5 IPA®]-[Arrogant Bastard Brewing Co.=Arrogant Bastard Ale],
2,0.008676789587852495,[Figueroa Mountain Brewing Co.=Lizard's Mouth]-[Stone Brewing Co.=Stone IPA],
2,0.008676789587852495,[Figueroa Mountain Brewing Co.=Lizard's Mouth]-[Ballast Point Brewing & Spirits=Grapefruit Sculpin],
2,0.008676789587852495,[Figueroa Mountain Brewing Co.=Lizard's Mouth]-[Ballast Point Brewing & Spirits=Sculpin IPA],
2,0.008676789587852495,[Figueroa Mountain Brewing Co.=Lizard's Mouth]-[Figueroa Mountain Brewing Co.=Hoppy Poppy IPA],
2,0.008676789587852495,[Figueroa Mountain Brewing Co.=Lizard's Mouth]-[Stone Brewing Co.=Delicious IPA],
2,0.008676789587852495,[Firestone Walker Brewing Company=805 Blonde]-[Stone Brewing Co.=Stone IPA],
2,0.009761388286334056,[Firestone Walker Brewing Company=805 Blonde]-[New Belgium Brewing Company=Fat Tire],
2,0.008676789587852495,[Lost Coast Brewery=Great White]-[Firestone Walker Brewing Company=805 Blonde],
2,0.014099783080260303,[Firestone Walker Brewing Company=805 Blonde]-[Firestone Walker Brewing Company=DBA (Double Barrel Ale)],
2,0.009761388286334056,[Firestone Walker Brewing Company=805 Blonde]-[Sierra Nevada Brewing Co.=Pale Ale],
2,0.008676789587852495,[Firestone Walker Brewing Company=805 Blonde]-[Goose Island Beer Co.=Goose IPA],
2,0.008676789587852495,[Firestone Walker Brewing Company=805 Blonde]-[Golden Road Brewing=Point The Way IPA],
2,0.010845986984815618,[Anchor Brewing Company=Anchor Steam Beer]-[Firestone Walker Brewing Company=805 Blonde],
2,0.009761388286334056,[Firestone Walker Brewing Company=805 Blonde]-[Guinness=Guinness Draught],
2,0.010845986984815618,[Firestone Walker Brewing Company=805 Blonde]-[Ballast Point Brewing & Spirits=Sculpin IPA],
2,0.010845986984815618,[Firestone Walker Brewing Company=805 Blonde]-[Boston Beer Company (Samuel Adams)=Samuel Adams OctoberFest],
2,0.01193058568329718,[Firestone Walker Brewing Company=805 Blonde]-[Sapporo Breweries=Sapporo Premium Beer],
2,0.009761388286334056,[Firestone Walker Brewing Company=805 Blonde]-[Lagunitas Brewing Company=A Little Sumpin' Sumpin' Ale],
2,0.01193058568329718,[Firestone Walker Brewing Company=805 Blonde]-[Stella Artois=Stella Artois],
2,0.008676789587852495,[Firestone Walker Brewing Company=805 Blonde]-[Asahi Breweries=Asahi Super Dry],
2,0.008676789587852495,[Firestone Walker Brewing Company=805 Blonde]-[New Belgium Brewing Company=Rampant],
2,0.008676789587852495,[Firestone Walker Brewing Company=805 Blonde]-[Figueroa Mountain Brewing Co.=Danish Red Lager],
2,0.008676789587852495,[Firestone Walker Brewing Company=805 Blonde]-[Firestone Walker Brewing Company=Pale 31],
2,0.009761388286334056,[Firestone Walker Brewing Company=805 Blonde]-[Boston Beer Company (Samuel Adams)=Samuel Adams Boston Lager],
2,0.008676789587852495,[Deschutes Brewery=Mirror Pond Pale Ale]-[Firestone Walker Brewing Company=805 Blonde],
2,0.008676789587852495,[Firestone Walker Brewing Company=805 Blonde]-[Saint Archer Brewing Company=White Ale],
2,0.008676789587852495,[Stone Brewing Co.=Stone IPA]-[Arrogant Bastard Brewing Co.=Arrogant Bastard Ale],
2,0.009761388286334056,[Stone Brewing Co.=Stone IPA]-[Firestone Walker Brewing Company=DBA (Double Barrel Ale)],
2,0.009761388286334056,[Stone Brewing Co.=Stone IPA]-[Sierra Nevada Brewing Co.=Pale Ale],
2,0.013015184381778741,[Stone Brewing Co.=Stone IPA]-[Firestone Walker Brewing Company=Union Jack IPA],
2,0.01193058568329718,[Ballast Point Brewing & Spirits=Sculpin IPA]-[Stone Brewing Co.=Stone IPA],
2,0.008676789587852495,[Stone Brewing Co.=Stone IPA]-[Lagunitas Brewing Company=A Little Sumpin' Sumpin' Ale],
2,0.01193058568329718,[Stone Brewing Co.=Stone IPA]-[Figueroa Mountain Brewing Co.=Hoppy Poppy IPA],
2,0.008676789587852495,[Stone Brewing Co.=Delicious IPA]-[Stone Brewing Co.=Stone IPA],
2,0.008676789587852495,[Firestone Walker Brewing Company=DBA (Double Barrel Ale)]-[New Belgium Brewing Company=Fat Tire],
2,0.008676789587852495,[Oskar Blues Brewery=Dale's Pale Ale]-[New Belgium Brewing Company=Fat Tire],
2,0.01193058568329718,[Sierra Nevada Brewing Co.=Pale Ale]-[Arrogant Bastard Brewing Co.=Arrogant Bastard Ale],
2,0.008676789587852495,[Grupo Modelo S.A. de C.V.=Negra Modelo]-[Arrogant Bastard Brewing Co.=Arrogant Bastard Ale],
2,0.008676789587852495,[Oskar Blues Brewery=Dale's Pale Ale]-[Arrogant Bastard Brewing Co.=Arrogant Bastard Ale],
2,0.01193058568329718,[Firestone Walker Brewing Company=DBA (Double Barrel Ale)]-[Sierra Nevada Brewing Co.=Pale Ale],
2,0.008676789587852495,[Firestone Walker Brewing Company=DBA (Double Barrel Ale)]-[Goose Island Beer Co.=Goose IPA],
2,0.008676789587852495,[Firestone Walker Brewing Company=DBA (Double Barrel Ale)]-[Allagash Brewing Company=White],
2,0.008676789587852495,[Guinness=Guinness Draught]-[Firestone Walker Brewing Company=DBA (Double Barrel Ale)],
2,0.010845986984815618,[Ballast Point Brewing & Spirits=Sculpin IPA]-[Firestone Walker Brewing Company=DBA (Double Barrel Ale)],
2,0.008676789587852495,[Firestone Walker Brewing Company=DBA (Double Barrel Ale)]-[Boston Beer Company (Samuel Adams)=Samuel Adams OctoberFest],
2,0.009761388286334056,[Firestone Walker Brewing Company=DBA (Double Barrel Ale)]-[Figueroa Mountain Brewing Co.=Danish Red Lager],
2,0.008676789587852495,[Sierra Nevada Brewing Co.=Torpedo Extra IPA]-[Firestone Walker Brewing Company=DBA (Double Barrel Ale)],
2,0.010845986984815618,[Firestone Walker Brewing Company=DBA (Double Barrel Ale)]-[Firestone Walker Brewing Company=Pale 31],
2,0.008676789587852495,[Firestone Walker Brewing Company=DBA (Double Barrel Ale)]-[Rogue Ales & Spirits=Dead Guy Ale],
2,0.008676789587852495,[Oskar Blues Brewery=Pinner Throwback IPA]-[Firestone Walker Brewing Company=DBA (Double Barrel Ale)],
2,0.009761388286334056,[Firestone Walker Brewing Company=DBA (Double Barrel Ale)]-[New Belgium Brewing Company=Snapshot],
2,0.009761388286334056,[Stone Brewing Co.=Delicious IPA]-[Firestone Walker Brewing Company=DBA (Double Barrel Ale)],
2,0.009761388286334056,[Firestone Walker Brewing Company=DBA (Double Barrel Ale)]-[Kona Brewing Company=Big Wave Golden Ale],
2,0.008676789587852495,[Firestone Walker Brewing Company=DBA (Double Barrel Ale)]-[Central Coast Brewing=Lucky Day IPA],
2,0.009761388286334056,[Ballast Point Brewing & Spirits=Sculpin IPA]-[Sierra Nevada Brewing Co.=Pale Ale],
2,0.008676789587852495,[Sierra Nevada Brewing Co.=Pale Ale]-[Sapporo Breweries=Sapporo Premium Beer],
2,0.008676789587852495,[Sierra Nevada Brewing Co.=Pale Ale]-[Stella Artois=Stella Artois],
2,0.008676789587852495,[Sierra Nevada Brewing Co.=Pale Ale]-[Firestone Walker Brewing Company=Pale 31],
2,0.009761388286334056,[The Bruery=Mischief]-[Ballast Point Brewing & Spirits=Sculpin IPA],
2,0.008676789587852495,[The Bruery=Mischief]-[Firestone Walker Brewing Company=Wookey Jack],
2,0.008676789587852495,[Lagunitas Brewing Company=Lagunitas Sucks]-[Ballast Point Brewing & Spirits=Victory at Sea],
2,0.009761388286334056,[Lagunitas Brewing Company=Lagunitas Sucks]-[Ballast Point Brewing & Spirits=Grapefruit Sculpin],
2,0.008676789587852495,[Lagunitas Brewing Company=Lagunitas Sucks]-[Big Sky Brewing Company=Moose Drool Brown Ale],
2,0.008676789587852495,[Lagunitas Brewing Company=Lagunitas Sucks]-[Firestone Walker Brewing Company=Double Jack],
2,0.008676789587852495,[Stone Brewing Co.=Xocoveza Mocha Stout]-[Russian River Brewing Company=Pliny the Elder],
2,0.01193058568329718,[Russian River Brewing Company=Pliny the Elder]-[Ballast Point Brewing & Spirits=Victory at Sea],
2,0.008676789587852495,[Ballast Point Brewing & Spirits=Grapefruit Sculpin]-[Russian River Brewing Company=Pliny the Elder],
2,0.010845986984815618,[Ballast Point Brewing & Spirits=Sculpin IPA]-[Firestone Walker Brewing Company=Union Jack IPA],
2,0.008676789587852495,[New Belgium Brewing Company=Ranger]-[Firestone Walker Brewing Company=Union Jack IPA],
2,0.008676789587852495,[Modern Times Beer=Black House]-[Belching Beaver=Peanut Butter Milk Stout],
2,0.008676789587852495,[Stone Brewing Co.=Stochasticity Project: Master of Disguise]-[Firestone Walker Brewing Company=Velvet Mocha Merlin],
2,0.008676789587852495,[Stone Brewing Co.=Stochasticity Project: Master of Disguise]-[Ballast Point Brewing & Spirits=Sculpin IPA],
2,0.008676789587852495,[Ballast Point Brewing & Spirits=Grapefruit Sculpin]-[Ballast Point Brewing & Spirits=Victory at Sea],
2,0.008676789587852495,[Russian River Brewing Company=Blind Pig IPA]-[Ballast Point Brewing & Spirits=Victory at Sea],
2,0.008676789587852495,[Alpine Beer Company (CA)=Nelson]-[Ballast Point Brewing & Spirits=Victory at Sea],
2,0.010845986984815618,[Ballast Point Brewing & Spirits=Grapefruit Sculpin]-[Heretic Brewing Company=Chocolate Hazelnut Porter],
2,0.008676789587852495,[Firestone Walker Brewing Company=Velvet Merlin]-[Belching Beaver=Peanut Butter Milk Stout],
2,0.009761388286334056,[Ballast Point Brewing & Spirits=Sculpin IPA]-[Belching Beaver=Peanut Butter Milk Stout],
2,0.014099783080260303,[Ballast Point Brewing & Spirits=Sculpin IPA]-[Ballast Point Brewing & Spirits=Grapefruit Sculpin],
2,0.008676789587852495,[Russian River Brewing Company=Blind Pig IPA]-[Ballast Point Brewing & Spirits=Grapefruit Sculpin],
2,0.010845986984815618,[Ballast Point Brewing & Spirits=Grapefruit Sculpin]-[Firestone Walker Brewing Company=Agrestic],
2,0.01193058568329718,[Ballast Point Brewing & Spirits=Grapefruit Sculpin]-[Firestone Walker Brewing Company=Double Jack],
2,0.009761388286334056,[Firestone Walker Brewing Company=Velvet Merlin]-[Firestone Walker Brewing Company=Velvet Mocha Merlin],
2,0.010845986984815618,[Firestone Walker Brewing Company=Velvet Merlin]-[Firestone Walker Brewing Company=Wookey Jack],
2,0.008676789587852495,[Anchor Brewing Company=Anchor Steam Beer]-[Boston Beer Company (Samuel Adams)=Samuel Adams OctoberFest],
2,0.008676789587852495,[Ballast Point Brewing & Spirits=Sculpin IPA]-[Lagunitas Brewing Company=A Little Sumpin' Sumpin' Ale],
2,0.008676789587852495,[Stella Artois=Stella Artois]-[Sapporo Breweries=Sapporo Premium Beer],
2,0.013015184381778741,[Grupo Modelo S.A. de C.V.=Modelo Especial]-[Sapporo Breweries=Sapporo Premium Beer],
2,0.009761388286334056,[Trumer=Trumer Pils]-[Lagunitas Brewing Company=A Little Sumpin' Sumpin' Ale],
2,0.008676789587852495,[Deschutes Brewery=Mirror Pond Pale Ale]-[Karl Strauss Brewing Company=Tower 10 IPA],
2,0.01193058568329718,[Coors Brewing Company=Coors Light]-[Anheuser-Busch=Bud Light],
2,0.008676789587852495,[New Belgium Brewing Company=Accumulation]-[New Belgium Brewing Company=Snapshot],
3,0.008676789587852495,[Ballast Point Brewing & Spirits=Sculpin IPA]-[Stone Brewing Co.=Stone IPA]-[Firestone Walker Brewing Company=Union Jack IPA],
